pod_4_id,username,pod_4_preference
1,User 1,User 5
2,User 5,User 1
3,User 2,User 6
4,User 6,User 2
5,User 3,User 7
6,User 7,User 3
7,User 4,User 8
8,User 8,User 4
9,User 9,User 13
10,User 13,User 9
11,User 10,User 14
12,User 14,User 10
13,User 11,User 15
14,User 15,User 11
15,User 12,User 16
16,User 16,User 12
17,User 17,User 21
18,User 21,User 17
19,User 18,User 22
20,User 22,User 18
21,User 19,User 23
22,User 23,User 19
23,User 20,User 24
24,User 24,User 20
25,User 25,User 29
26,User 29,User 25
27,User 26,User 30
28,User 30,User 26
29,User 27,User 31
30,User 31,User 27
31,User 28,User 32
32,User 32,User 28
33,User 33,User 37
34,User 37,User 33
35,User 34,User 38
36,User 38,User 34
37,User 35,User 39
38,User 39,User 35
39,User 36,User 40
40,User 40,User 36
41,User 41,User 45
42,User 45,User 41
43,User 42,User 46
44,User 46,User 42
45,User 43,User 47
46,User 47,User 43
47,User 44,User 48
48,User 48,User 44
49,User 49,User 53
50,User 53,User 49
51,User 50,User 54
52,User 54,User 50
53,User 51,User 55
54,User 55,User 51
55,User 52,User 56
56,User 56,User 52
57,User 57,User 61
58,User 61,User 57
59,User 58,User 62
60,User 62,User 58
61,User 59,User 63
62,User 63,User 59
63,User 60,User 64
64,User 64,User 60
65,User 65,User 69
66,User 69,User 65
67,User 66,User 70
68,User 70,User 66
69,User 67,User 71
70,User 71,User 67
71,User 68,User 72
72,User 72,User 68
73,User 73,User 77
74,User 77,User 73
75,User 74,User 78
76,User 78,User 74
77,User 75,User 79
78,User 79,User 75
79,User 76,User 80
80,User 80,User 76
81,User 81,User 85
82,User 85,User 81
83,User 82,User 86
84,User 86,User 82
85,User 83,User 87
86,User 87,User 83
87,User 84,User 88
88,User 88,User 84
89,User 89,User 93
90,User 93,User 89
91,User 90,User 94
92,User 94,User 90
93,User 91,User 95
94,User 95,User 91
95,User 92,User 96
96,User 96,User 92
